scene,config,kind,color_codebook_size,color_importance_include,threshold_j,finetune_iterations,rho,status,reason,n_splats,n_ckpt,n_pruned,n_kept_colour,n_colour_quantized,c3dgs_PSNR,c3dgs_SSIM,c3dgs_LPIPS,c3dgs_size_MiB_reported,npz_bytes,size_MiB,size_MB,PSNR_ii,SSIM_ii,LPIPS_ii,resolution_ii,n_views_ii,eval_ii_time_s,c3dgs_wall_s,c3dgs_sensitivity_s,c3dgs_clustering_s,c3dgs_finetune_s,c3dgs_encode_s,c3dgs_total_s,peak_allocated_bytes,peak_reserved_bytes,data_device,retried_on_cpu,npz2ply_time_s,measured_odd_clamped,measured_odd_raw,vq_iterations,vq_stopped_because,vq_time_s,objective_M_unquantized,objective_M_after_quantization,rho_cv,cv_odd_scores,inject_time_s,set_same_as_probe,set_only_probe,set_only_injected,lifted_check_pass,labels_survived,codebook_max_abs_change,qa_at_colour_vq,qa_at_save,geometry_sha1,model_sha1,c3dgs_commit,gsplat_commit,timestamp
train,uncompressed,uncompressed,,,,,,ok,,1026508,,,,,,,,,,,,21.293174743652344,0.7926117181777954,0.2170325070619583,"[[980, 545]]",38,8.100928539000051,,,,,,,,,,,,,,,,,,,,,,,,,,,,,,,187b6095ffe3135c7769d73a9caefcd03a5273d8,2a234af55fbe8b90c8829c1436ce80088c4b622b,b27e1421c2d0,2026-09-30T12:16:43
train,gnvq_cv_rho0,cv,4096,6e-07,,,0.0,ok,,,,,,803076,,,,,,,,,,,,,,,,,,,,,,,,,0.00010929354667593506,0.00011198068891937246,20,max_iters,98.60803188500017,6.062428757956027e-05,6.268556994579884e-05,,,,,,,,,,,,,187b6095ffe3135c7769d73a9caefcd03a5273d8,2a234af55fbe8b90c8829c1436ce80088c4b622b,b27e1421c2d0,2026-09-30T12:18:59
train,gnvq_cv_rho1e-3,cv,4096,6e-07,,,0.001,ok,,,,,,803076,,,,,,,,,,,,,,,,,,,,,,,,,0.00010739471325742965,0.00010988188160668475,20,max_iters,98.06746731900012,6.05373035253133e-05,6.206383970176758e-05,,,,,,,,,,,,,187b6095ffe3135c7769d73a9caefcd03a5273d8,2a234af55fbe8b90c8829c1436ce80088c4b622b,b27e1421c2d0,2026-09-30T12:20:41
train,gnvq_cv_rho1e-2,cv,4096,6e-07,,,0.01,ok,,,,,,803076,,,,,,,,,,,,,,,,,,,,,,,,,0.0001041751936842333,0.00010648890100048019,20,max_iters,98.05695929400008,6.094059686744075e-05,6.140647153114945e-05,,,,,,,,,,,,,187b6095ffe3135c7769d73a9caefcd03a5273d8,2a234af55fbe8b90c8829c1436ce80088c4b622b,b27e1421c2d0,2026-09-30T12:22:23
train,gnvq_cv_rho1e-1,cv,4096,6e-07,,,0.1,ok,,,,,,803076,,,,,,,,,,,,,,,,,,,,,,,,,0.00010542830143779884,0.00010773134095729525,20,max_iters,98.07205459900001,6.461372555297999e-05,6.490480004860725e-05,,,,,,,,,,,,,187b6095ffe3135c7769d73a9caefcd03a5273d8,2a234af55fbe8b90c8829c1436ce80088c4b622b,b27e1421c2d0,2026-09-30T12:24:05
train,gnvq_cv_rho3e-1,cv,4096,6e-07,,,0.3,ok,,,,,,803076,,,,,,,,,,,,,,,,,,,,,,,,,0.00011405479593472627,0.00011652356798486604,20,max_iters,98.05609149199995,7.134382926203756e-05,7.161459350167182e-05,,,,,,,,,,,,,187b6095ffe3135c7769d73a9caefcd03a5273d8,2a234af55fbe8b90c8829c1436ce80088c4b622b,b27e1421c2d0,2026-09-30T12:25:47
train,gnvq_cv_rho1,cv,4096,6e-07,,,1.0,ok,,,,,,803076,,,,,,,,,,,,,,,,,,,,,,,,,0.0001372236680766175,0.00014024520455428553,20,max_iters,98.05096066700003,8.802633023593022e-05,8.819814336926611e-05,,,,,,,,,,,,,187b6095ffe3135c7769d73a9caefcd03a5273d8,2a234af55fbe8b90c8829c1436ce80088c4b622b,b27e1421c2d0,2026-09-30T12:27:29
train,gnvq_cv_rho3,cv,4096,6e-07,,,3.0,ok,,,,,,803076,,,,,,,,,,,,,,,,,,,,,,,,,0.00017541218717380202,0.0001794642350225787,20,max_iters,98.07620501700012,0.00011295476862127049,0.00011320826585771996,,,,,,,,,,,,,187b6095ffe3135c7769d73a9caefcd03a5273d8,2a234af55fbe8b90c8829c1436ce80088c4b622b,b27e1421c2d0,2026-09-30T12:29:12
train,c3dgs_k4096,baseline,4096,6e-07,0,0,,ok,,910601,1026508,115907,107525,803076,21.5151309967041,0.7907703518867493,0.23464064300060272,13.234596252441406,13877480,13.234596252441406,13.87748,21.00323486328125,0.7746461033821106,0.23593124747276306,"[[980, 545]]",38,7.714733675000389,346.03461837768555,15.78968596458435,257.7092318534851,,1.6420512199401855,275.14096903800964,4712849408,5377097728,cuda,False,11.593957424163818,,,,,,,,,,,,,,,,,"{""dc_scale"": 0.054016318172216415, ""dc_zero_point"": -81, ""rest_scale"": 0.0068830568343400955, ""rest_zero_point"": -4}","{""dc_scale"": 0.054016318172216415, ""dc_zero_point"": -81, ""rest_scale"": 0.0068830568343400955, ""rest_zero_point"": -4}",8f72f4ea18e104f32b2461a99deea1b46afc352d,187b6095ffe3135c7769d73a9caefcd03a5273d8,2a234af55fbe8b90c8829c1436ce80088c4b622b,b27e1421c2d0,2026-09-30T14:08:05
train,gnvq_k4096,injected,4096,6e-07,0,0,0.01,ok,,910601,1026508,115907,107525,803076,21.6336727142334,0.7978138327598572,0.22659973800182343,13.43112850189209,14083559,13.43112850189209,14.083559,21.130054473876953,0.7821359038352966,0.22771333158016205,"[[980, 545]]",38,7.744869974999347,443.96201062202454,16.394620895385742,358.0108280181885,,1.6410343647003174,376.04648327827454,4714224640,5377097728,cuda,False,11.691962003707886,,,20,max_iters,97.95815233200028,6.273550549629271e-05,6.320027325453322e-05,0.01,"{""0"": 0.00010929354667593506, ""1e-3"": 0.00010739471325742965, ""1e-2"": 0.0001041751936842333, ""1e-1"": 0.00010542830143779884, ""3e-1"": 0.00011405479593472627, ""1"": 0.0001372236680766175, ""3"": 0.00017541218717380202}",101.33884177499976,True,0,0,True,True,0.0,"{""dc_scale"": 0.054016318172216415, ""dc_zero_point"": -81, ""rest_scale"": 0.0068830568343400955, ""rest_zero_point"": -4}","{""dc_scale"": 0.054016318172216415, ""dc_zero_point"": -81, ""rest_scale"": 0.0068830568343400955, ""rest_zero_point"": -4}",f8641bfbf4892374a81c426c3f453d22465ede80,187b6095ffe3135c7769d73a9caefcd03a5273d8,2a234af55fbe8b90c8829c1436ce80088c4b622b,b27e1421c2d0,2026-09-30T14:08:25
train,gnvq_k4096_ft5000,injected,4096,6e-07,0,5000,0.01,ok,,910601,1026508,115907,107525,803076,21.718345642089844,0.8023826479911804,0.22326986491680145,13.307318687438965,13953735,13.307318687438965,13.953735,21.325536727905273,0.7868472933769226,0.22434857487678528,"[[980, 545]]",38,7.751598740999725,757.7684245109558,16.64721441268921,357.6234710216522,314.1601138114929,1.6459310054779053,690.0767302513123,4714224640,5377097728,cuda,False,11.535884618759155,,,20,max_iters,98.01208580100001,6.262551562630694e-05,6.307202298153087e-05,0.01,"{""0"": 0.00010929354667593506, ""1e-3"": 0.00010739471325742965, ""1e-2"": 0.0001041751936842333, ""1e-1"": 0.00010542830143779884, ""3e-1"": 0.00011405479593472627, ""1"": 0.0001372236680766175, ""3"": 0.00017541218717380202}",101.46967596400009,True,0,0,True,True,1.0272008180618286,"{""dc_scale"": 0.054016318172216415, ""dc_zero_point"": -81, ""rest_scale"": 0.0068830568343400955, ""rest_zero_point"": -4}","{""dc_scale"": 0.037292227149009705, ""dc_zero_point"": -60, ""rest_scale"": 0.008814905770123005, ""rest_zero_point"": -25}",009deebd01a83eb59ce998cfb78c717ecaf57967,187b6095ffe3135c7769d73a9caefcd03a5273d8,2a234af55fbe8b90c8829c1436ce80088c4b622b,b27e1421c2d0,2026-09-30T14:08:44
train,c3dgs_k1024,baseline,1024,6e-07,0,0,,ok,,910601,1026508,115907,107525,803076,21.48076820373535,0.789138913154602,0.23626136779785156,13.097987174987793,13734235,13.097987174987793,13.734235,20.97054100036621,0.7729844450950623,0.2376757115125656,"[[980, 545]]",38,7.840559776000191,244.48052406311035,16.825815439224243,159.63212394714355,,1.542161226272583,178.00010061264038,4712461824,5377097728,cuda,False,11.71865463256836,,,,,,,,,,,,,,,,,"{""dc_scale"": 0.054016318172216415, ""dc_zero_point"": -81, ""rest_scale"": 0.0068830568343400955, ""rest_zero_point"": -4}","{""dc_scale"": 0.054016318172216415, ""dc_zero_point"": -81, ""rest_scale"": 0.0068830568343400955, ""rest_zero_point"": -4}",a3e9e04b183bbf57741ea329f3bdfa5ce794360e,187b6095ffe3135c7769d73a9caefcd03a5273d8,2a234af55fbe8b90c8829c1436ce80088c4b622b,b27e1421c2d0,2026-09-30T14:09:04
train,c3dgs_k16384,baseline,16384,6e-07,0,0,,ok,,910601,1026508,115907,107525,803076,21.527385711669922,0.7914084792137146,0.23394639790058136,13.323112487792969,13970296,13.323112487792969,13.970296,21.016742706298828,0.7752857208251953,0.23524536192417145,"[[980, 545]]",38,7.820543263000218,734.6084423065186,16.6834397315979,647.3796203136444,,1.5744152069091797,665.6374752521515,4717894656,5377097728,cuda,False,11.625406980514526,,,,,,,,,,,,,,,,,"{""dc_scale"": 0.054016318172216415, ""dc_zero_point"": -81, ""rest_scale"": 0.0068830568343400955, ""rest_zero_point"": -4}","{""dc_scale"": 0.054016318172216415, ""dc_zero_point"": -81, ""rest_scale"": 0.0068830568343400955, ""rest_zero_point"": -4}",740b2ae9fdefc32b141677f10a857e94362939fc,187b6095ffe3135c7769d73a9caefcd03a5273d8,2a234af55fbe8b90c8829c1436ce80088c4b622b,b27e1421c2d0,2026-09-30T14:09:24
train,c3dgs_k65536,baseline,65536,6e-07,0,0,,ok,,910601,1026508,115907,107525,803076,21.533676147460938,0.7917066812515259,0.2336934506893158,13.406402587890625,14057632,13.406402587890625,14.057632,21.02386474609375,0.7755507826805115,0.23499533534049988,"[[980, 545]]",38,7.706086641999718,2327.578751564026,16.581490993499756,2241.2038543224335,,1.5778193473815918,2259.363164663315,4736830976,5377097728,cuda,False,11.627233028411865,,,,,,,,,,,,,,,,,"{""dc_scale"": 0.054016318172216415, ""dc_zero_point"": -81, ""rest_scale"": 0.0068830568343400955, ""rest_zero_point"": -4}","{""dc_scale"": 0.054016318172216415, ""dc_zero_point"": -81, ""rest_scale"": 0.0068830568343400955, ""rest_zero_point"": -4}",358892298b53c701966e9db58dbdcb1ec53d779d,187b6095ffe3135c7769d73a9caefcd03a5273d8,2a234af55fbe8b90c8829c1436ce80088c4b622b,b27e1421c2d0,2026-09-30T14:09:44
train,c3dgs_k4096_j-2,baseline,4096,6.666666666666665e-08,-2,0,,ok,,910601,1026508,115907,474552,436049,21.698366165161133,0.8020409941673279,0.22207391262054443,25.128509521484375,26349152,25.128509521484375,26.349152,21.20539665222168,0.7865955233573914,0.2232631891965866,"[[980, 545]]",38,7.780523790001098,342.4350402355194,16.60750412940979,255.179949760437,,2.507395029067993,274.2948489189148,4709744640,5377097728,cuda,False,11.716897249221802,,,,,,,,,,,,,,,,,"{""dc_scale"": 0.054016318172216415, ""dc_zero_point"": -81, ""rest_scale"": 0.0068830568343400955, ""rest_zero_point"": -4}","{""dc_scale"": 0.054016318172216415, ""dc_zero_point"": -81, ""rest_scale"": 0.0068830568343400955, ""rest_zero_point"": -4}",bbb5b0cdb9d37d75eb5f5c7e9de91f03cece42c8,187b6095ffe3135c7769d73a9caefcd03a5273d8,2a234af55fbe8b90c8829c1436ce80088c4b622b,b27e1421c2d0,2026-09-30T14:10:04
train,c3dgs_k4096_j-1,baseline,4096,2e-07,-1,0,,ok,,910601,1026508,115907,274436,636165,21.652326583862305,0.7989691495895386,0.22559896111488342,18.639838218688965,19545287,18.639838218688965,19.545287,21.1485538482666,0.7833353877067566,0.22683846950531006,"[[980, 545]]",38,7.798607849999826,342.197802066803,16.58456015586853,255.01421093940735,,1.989588975906372,273.58836007118225,4712026112,5377097728,cuda,False,11.853954076766968,,,,,,,,,,,,,,,,,"{""dc_scale"": 0.054016318172216415, ""dc_zero_point"": -81, ""rest_scale"": 0.0068830568343400955, ""rest_zero_point"": -4}","{""dc_scale"": 0.054016318172216415, ""dc_zero_point"": -81, ""rest_scale"": 0.0068830568343400955, ""rest_zero_point"": -4}",0c97d6daf3f4761ecbf74f9d55c01faf3a3f876b,187b6095ffe3135c7769d73a9caefcd03a5273d8,2a234af55fbe8b90c8829c1436ce80088c4b622b,b27e1421c2d0,2026-09-30T14:10:24
train,c3dgs_k4096_j+1,baseline,4096,1.8e-06,1,0,,ok,,910601,1026508,115907,31950,878651,21.336132049560547,0.7816837430000305,0.24446284770965576,10.804130554199219,11328952,10.804130554199219,11.328952,20.845212936401367,0.7661302089691162,0.2456759214401245,"[[980, 545]]",38,7.845045552001466,341.79310607910156,16.520965337753296,256.6454367637634,,1.344125509262085,274.5105276107788,4712977920,5377097728,cuda,False,11.564574003219604,,,,,,,,,,,,,,,,,"{""dc_scale"": 0.054016318172216415, ""dc_zero_point"": -81, ""rest_scale"": 0.0068830568343400955, ""rest_zero_point"": -4}","{""dc_scale"": 0.054016318172216415, ""dc_zero_point"": -81, ""rest_scale"": 0.0068830568343400955, ""rest_zero_point"": -4}",88a0a8eebcdca019cfd3272ef6c17d10b282c03d,187b6095ffe3135c7769d73a9caefcd03a5273d8,2a234af55fbe8b90c8829c1436ce80088c4b622b,b27e1421c2d0,2026-09-30T14:10:44
train,c3dgs_k4096_j+2,baseline,4096,5.4e-06,2,0,,ok,,910601,1026508,115907,9058,901543,21.204200744628906,0.7768521308898926,0.24975772202014923,10.07693862915039,10566436,10.07693862915039,10.566436,20.73297119140625,0.7615692019462585,0.25078147649765015,"[[980, 545]]",38,7.83618412999931,343.1498017311096,16.585423469543457,256.51776027679443,,1.2761895656585693,274.37937331199646,4714152448,5377097728,cuda,False,11.501098155975342,,,,,,,,,,,,,,,,,"{""dc_scale"": 0.054016318172216415, ""dc_zero_point"": -81, ""rest_scale"": 0.0068830568343400955, ""rest_zero_point"": -4}","{""dc_scale"": 0.054016318172216415, ""dc_zero_point"": -81, ""rest_scale"": 0.0068830568343400955, ""rest_zero_point"": -4}",99c319178c469dc8f7d0d29cd5d547fe788574ee,187b6095ffe3135c7769d73a9caefcd03a5273d8,2a234af55fbe8b90c8829c1436ce80088c4b622b,b27e1421c2d0,2026-09-30T14:11:04
