scene,metric,bin_lo,bin_hi,count,count_fraction,trace_fraction
bicycle,participation_ratio,1.0,1.25,278444,0.2823334252664709,0.48491060913828593
bicycle,participation_ratio,1.25,1.5,76892,0.07796606044874187,0.08622538373675025
bicycle,participation_ratio,1.5,1.75,62307,0.06317733091062476,0.050391439654526436
bicycle,participation_ratio,1.75,2.0,39250,0.03979826084135044,0.034443304229008695
bicycle,participation_ratio,2.0,2.25,29882,0.030299404597738444,0.019542545300430952
bicycle,participation_ratio,2.25,2.5,24681,0.025025754798098605,0.021862241980290697
bicycle,participation_ratio,2.5,2.75,20373,0.020657578805626308,0.012315139575438434
bicycle,participation_ratio,2.75,3.0,20006,0.02028545239215432,0.012786431427562823
bicycle,participation_ratio,3.0,3.25,23089,0.02341151705900485,0.015199171251644095
bicycle,participation_ratio,3.25,3.5,27762,0.02814979152809098,0.028543784981578696
bicycle,participation_ratio,3.5,3.75,34101,0.034577337400022716,0.02159583685643433
bicycle,participation_ratio,3.75,4.0,39800,0.04035594347734389,0.024727635107820615
bicycle,participation_ratio,4.0,4.25,42929,0.043528650691932055,0.024742261510029905
bicycle,participation_ratio,4.25,4.5,43405,0.04401129966417366,0.024113963832547124
bicycle,participation_ratio,4.5,4.75,42373,0.042964884245364134,0.02350737768456578
bicycle,participation_ratio,4.75,5.0,40699,0.0412675010950859,0.021851872308406725
bicycle,participation_ratio,5.0,5.25,36693,0.037205543568195464,0.020595506162871886
bicycle,participation_ratio,5.25,5.5,31609,0.03205052807475786,0.017923200930798102
bicycle,participation_ratio,5.5,5.75,25169,0.025520571391489156,0.014666396248642402
bicycle,participation_ratio,5.75,6.0,18713,0.01897439121335518,0.013439988209162744
bicycle,participation_ratio,6.0,6.25,12205,0.012375484676909099,0.009574474163311369
bicycle,participation_ratio,6.25,6.5,7179,0.007279279352358085,0.006960180620220747
bicycle,participation_ratio,6.5,6.75,3950,0.004005175294862019,0.004357415813177948
bicycle,participation_ratio,6.75,7.0,2085,0.002114124174629699,0.002447877262844023
bicycle,participation_ratio,7.0,7.25,1096,0.0011113093982705754,0.0015275889755725772
bicycle,participation_ratio,7.25,7.5,661,0.0006702331316212138,0.0009861128565653396
bicycle,participation_ratio,7.5,7.75,390,0.00039544768734080693,0.00047918181759453793
bicycle,participation_ratio,7.75,8.0,230,0.0002332127386881682,0.00018181985367629765
bicycle,participation_ratio,8.0,8.25,136,0.00013789970635474293,6.517081683048938e-05
bicycle,participation_ratio,8.25,8.5,71,7.199175846460844e-05,2.8743798201647345e-05
bicycle,participation_ratio,8.5,8.75,36,3.650286344684372e-05,6.249943732374136e-06
bicycle,participation_ratio,8.75,9.0,8,8.111747432631938e-06,1.0939514755374757e-06
bicycle,participation_ratio,9.0,9.25,0,0.0,0.0
bicycle,participation_ratio,9.25,9.5,0,0.0,0.0
bicycle,participation_ratio,9.5,9.75,0,0.0,0.0
bicycle,participation_ratio,9.75,10.0,0,0.0,0.0
bicycle,participation_ratio,10.0,10.25,0,0.0,0.0
bicycle,participation_ratio,10.25,10.5,0,0.0,0.0
bicycle,participation_ratio,10.5,10.75,0,0.0,0.0
bicycle,participation_ratio,10.75,11.0,0,0.0,0.0
bicycle,participation_ratio,11.0,11.25,0,0.0,0.0
bicycle,participation_ratio,11.25,11.5,0,0.0,0.0
bicycle,participation_ratio,11.5,11.75,0,0.0,0.0
bicycle,participation_ratio,11.75,12.0,0,0.0,0.0
bicycle,participation_ratio,12.0,12.25,0,0.0,0.0
bicycle,participation_ratio,12.25,12.5,0,0.0,0.0
bicycle,participation_ratio,12.5,12.75,0,0.0,0.0
bicycle,participation_ratio,12.75,13.0,0,0.0,0.0
bicycle,participation_ratio,13.0,13.25,0,0.0,0.0
bicycle,participation_ratio,13.25,13.5,0,0.0,0.0
bicycle,participation_ratio,13.5,13.75,0,0.0,0.0
bicycle,participation_ratio,13.75,14.0,0,0.0,0.0
bicycle,participation_ratio,14.0,14.25,0,0.0,0.0
bicycle,participation_ratio,14.25,14.5,0,0.0,0.0
bicycle,participation_ratio,14.5,14.75,0,0.0,0.0
bicycle,participation_ratio,14.75,15.0,0,0.0,0.0
bicycle,top1_fraction,0.0,0.02,0,0.0,0.0
bicycle,top1_fraction,0.02,0.04,0,0.0,0.0
bicycle,top1_fraction,0.04,0.06,0,0.0,0.0
bicycle,top1_fraction,0.06,0.08,0,0.0,0.0
bicycle,top1_fraction,0.08,0.1,0,0.0,0.0
bicycle,top1_fraction,0.1,0.12,0,0.0,0.0
bicycle,top1_fraction,0.12,0.14,0,0.0,0.0
bicycle,top1_fraction,0.14,0.16,2,2.0279368581579845e-06,2.4613115113660554e-07
bicycle,top1_fraction,0.16,0.18,72,7.300572689368744e-05,2.572370586179879e-05
bicycle,top1_fraction,0.18,0.2,403,0.00040862927691883387,0.00034129838491822584
bicycle,top1_fraction,0.2,0.22,1675,0.001698397118707312,0.001650187263136657
bicycle,top1_fraction,0.22,0.24,6293,0.006380903324194098,0.005546955767493777
bicycle,top1_fraction,0.24,0.26,16550,0.01678117750125732,0.011950581221111315
bicycle,top1_fraction,0.26,0.28,30079,0.030499156378267007,0.018528113490997575
bicycle,top1_fraction,0.28,0.3,41178,0.04175319197261474,0.024529724987231376
bicycle,top1_fraction,0.3,0.32,47558,0.04822231055013871,0.025362550116404575
bicycle,top1_fraction,0.32,0.34,48777,0.049458338065186,0.026494361204562524
bicycle,top1_fraction,0.34,0.36,46582,0.047232677363357616,0.02562591802588342
bicycle,top1_fraction,0.36,0.38,42573,0.04316767793117993,0.024613046857429384
bicycle,top1_fraction,0.38,0.4,37787,0.038314825029607875,0.023626464776089037
bicycle,top1_fraction,0.4,0.42,32758,0.03321557779976963,0.02846350912126626
bicycle,top1_fraction,0.42,0.44,28318,0.0287135579746589,0.01847678123880648
bicycle,top1_fraction,0.44,0.46,24197,0.024534994078424376,0.0178846656471734
bicycle,top1_fraction,0.46,0.48,21188,0.021483963075325685,0.014101746756031286
bicycle,top1_fraction,0.48,0.5,18169,0.018422792387936208,0.011636163699302074
bicycle,top1_fraction,0.5,0.52,15880,0.016101818653774396,0.013673878711285127
bicycle,top1_fraction,0.52,0.54,13487,0.013675392202988367,0.009216950742042793
bicycle,top1_fraction,0.54,0.56,12031,0.012199054170249355,0.009951130151159776
bicycle,top1_fraction,0.56,0.58,11245,0.011402074984993267,0.007330587062143677
bicycle,top1_fraction,0.58,0.6,10317,0.010461112282807963,0.006469853050060935
bicycle,top1_fraction,0.6,0.62,10080,0.010220801765116241,0.007383593834626029
bicycle,top1_fraction,0.62,0.64,9779,0.009915597267963464,0.008270828748780825
bicycle,top1_fraction,0.64,0.66,10038,0.010178215091094924,0.008293611552688622
bicycle,top1_fraction,0.66,0.68,10279,0.010422581482502961,0.00699865713347821
bicycle,top1_fraction,0.68,0.7000000000000001,11261,0.011418298479858532,0.00807691764654251
bicycle,top1_fraction,0.7000000000000001,0.72,12574,0.012749639027239247,0.008763213998228233
bicycle,top1_fraction,0.72,0.74,14072,0.014268563733999578,0.01830638021257216
bicycle,top1_fraction,0.74,0.76,15351,0.01556542935479161,0.01161634348667874
bicycle,top1_fraction,0.76,0.78,16174,0.01639992537192362,0.013029000273144561
bicycle,top1_fraction,0.78,0.8,16326,0.016554048573143628,0.014294716303845479
bicycle,top1_fraction,0.8,0.8200000000000001,16148,0.016373562192767567,0.01659801208257896
bicycle,top1_fraction,0.8200000000000001,0.84,15800,0.016020701179448076,0.016948098717839605
bicycle,top1_fraction,0.84,0.86,16139,0.016364436476905855,0.016404444016390553
bicycle,top1_fraction,0.86,0.88,18162,0.018415694608932658,0.023662597015778643
bicycle,top1_fraction,0.88,0.9,18783,0.01904536900339071,0.026293549074412125
bicycle,top1_fraction,0.9,0.92,23991,0.024326116582034103,0.03688802996308386
bicycle,top1_fraction,0.92,0.9400000000000001,31409,0.03184773438894207,0.049536057386945644
bicycle,top1_fraction,0.9400000000000001,0.96,40937,0.04150882558120671,0.07704036315078468
bicycle,top1_fraction,0.96,0.98,61975,0.06284069339217054,0.09271485876158843
bicycle,top1_fraction,0.98,1.0,109827,0.11136111066045848,0.21338028852846797
bicycle,top3_fraction,0.0,0.02,0,0.0,0.0
bicycle,top3_fraction,0.02,0.04,0,0.0,0.0
bicycle,top3_fraction,0.04,0.06,0,0.0,0.0
bicycle,top3_fraction,0.06,0.08,0,0.0,0.0
bicycle,top3_fraction,0.08,0.1,0,0.0,0.0
bicycle,top3_fraction,0.1,0.12,0,0.0,0.0
bicycle,top3_fraction,0.12,0.14,0,0.0,0.0
bicycle,top3_fraction,0.14,0.16,0,0.0,0.0
bicycle,top3_fraction,0.16,0.18,0,0.0,0.0
bicycle,top3_fraction,0.18,0.2,0,0.0,0.0
bicycle,top3_fraction,0.2,0.22,0,0.0,0.0
bicycle,top3_fraction,0.22,0.24,0,0.0,0.0
bicycle,top3_fraction,0.24,0.26,0,0.0,0.0
bicycle,top3_fraction,0.26,0.28,0,0.0,0.0
bicycle,top3_fraction,0.28,0.3,0,0.0,0.0
bicycle,top3_fraction,0.3,0.32,0,0.0,0.0
bicycle,top3_fraction,0.32,0.34,0,0.0,0.0
bicycle,top3_fraction,0.34,0.36,0,0.0,0.0
bicycle,top3_fraction,0.36,0.38,0,0.0,0.0
bicycle,top3_fraction,0.38,0.4,0,0.0,0.0
bicycle,top3_fraction,0.4,0.42,0,0.0,0.0
bicycle,top3_fraction,0.42,0.44,1,1.0139684290789923e-06,1.2420747870274963e-07
bicycle,top3_fraction,0.44,0.46,26,2.6363179156053797e-05,3.446130200660494e-06
bicycle,top3_fraction,0.46,0.48,66,6.692191631921349e-05,2.0037704748883947e-05
bicycle,top3_fraction,0.48,0.5,152,0.00015412320122000682,9.538716155228793e-05
bicycle,top3_fraction,0.5,0.52,367,0.0003721264134719901,0.0002865934778054646
bicycle,top3_fraction,0.52,0.54,695,0.0007047080582098995,0.0008578834026706808
bicycle,top3_fraction,0.54,0.56,1350,0.0013688573792566396,0.0017474198039216667
bicycle,top3_fraction,0.56,0.58,2870,0.0029100893914567076,0.0035306258133742242
bicycle,top3_fraction,0.58,0.6,5651,0.005729935592725385,0.006329522497537049
bicycle,top3_fraction,0.6,0.62,10564,0.010711562484790474,0.009792591156975845
bicycle,top3_fraction,0.62,0.64,17564,0.01780934148834342,0.013761686404078528
bicycle,top3_fraction,0.64,0.66,25380,0.025734518730024823,0.016463912580042473
bicycle,top3_fraction,0.66,0.68,32794,0.03325208066321647,0.02029230522669729
bicycle,top3_fraction,0.68,0.7000000000000001,38518,0.03905603595126462,0.023962132636835495
bicycle,top3_fraction,0.7000000000000001,0.72,42011,0.04259782767403754,0.02291435788784461
bicycle,top3_fraction,0.72,0.74,43788,0.04439964957251091,0.02649139381557522
bicycle,top3_fraction,0.74,0.76,44585,0.04520778241048687,0.024502192732108224
bicycle,top3_fraction,0.76,0.78,43706,0.04431650416132643,0.025120138619503168
bicycle,top3_fraction,0.78,0.8,40552,0.04111844773601129,0.023968791274815184
bicycle,top3_fraction,0.8,0.8200000000000001,33573,0.034041962069469,0.021703321636535773
bicycle,top3_fraction,0.8200000000000001,0.84,25292,0.025645289508265872,0.015610753006009488
bicycle,top3_fraction,0.84,0.86,18207,0.018461323188241213,0.012020930965920044
bicycle,top3_fraction,0.86,0.88,12952,0.013132919093431106,0.01860853963073433
bicycle,top3_fraction,0.88,0.9,10804,0.010954914907769432,0.0062647616801714155
bicycle,top3_fraction,0.9,0.92,10523,0.010669989779198235,0.004879364234530944
bicycle,top3_fraction,0.92,0.9400000000000001,13574,0.01376360745631824,0.005783941217303642
bicycle,top3_fraction,0.9400000000000001,0.96,26623,0.02699488148737001,0.022451227325468018
bicycle,top3_fraction,0.96,0.98,51810,0.05253370431058259,0.04191440249050466
bicycle,top3_fraction,0.98,1.0,432226,0.43826351822709647,0.630622215279055
